frequency,reference_power,fno_power,deeponet_power,fno_error_power,deeponet_error_power
0,2401.5566285385376,2459.5755550134045,2432.862202581273,58.0189264748667,31.305574042618822
1,314.8851542401761,323.146308902,314.59435752666235,11.100864695436425,11.93977054752082
2,101.93746929598964,105.21076838167424,100.76166153729376,4.7688318627994075,11.389354527757366
3,45.818141746717686,46.49551772846858,42.90551805426776,2.143010592870906,5.960078061019769
4,21.267152170069917,21.840391070455162,22.216054908485614,1.4742000865072034,4.213858476134841
5,9.249826760688325,9.478831033909206,9.650149079481512,0.7513449083501859,2.5329487003205515
6,6.065481421223867,6.307362077571646,7.065490737887992,0.7768829943300151,2.003048261414449
7,3.6999162329544246,3.838955922409433,4.0798099817567275,0.5943313478126558,1.3806335914821133
8,2.552847404492215,2.7625359708269386,2.7511732848480066,0.5245182089362124,0.9048079314759582
9,2.005345154224898,2.128198804335347,2.1213662222711087,0.46658532751900855,0.6352414130740891
10,1.3940016190094544,1.5402745437467824,1.440257080059373,0.368730319317099,0.5265946511288001
11,1.1815390386844926,1.284638907080483,1.2435750589065113,0.3143734884541556,0.5257467277696248
12,0.8319793672688643,0.9323259619091696,0.849996519616531,0.33108567103141845,0.378361708181757
13,0.6461338988831107,0.7854612895316482,0.6487268624711574,0.3519935562347069,0.29444282263429944
14,0.5709865904296308,0.6860274950658171,0.5680212987805636,0.3092318439443641,0.24847371984448635
15,0.44605399682228863,0.5403381229536074,0.4566391953022245,0.23544580149325806,0.20369943848154493
16,0.399710980996646,0.4831699704361526,0.401239188604674,0.20996523026558392,0.19963199575022172
17,0.31634291340830595,0.3777375581030727,0.30996306175366467,0.18598908266146572,0.1642137751349018
18,0.2758231737023615,0.36940170479630974,0.26856685434552136,0.1990381120937252,0.15227532471113758
19,0.23423295667097063,0.31412643976355104,0.24349960644136476,0.18644146794588493,0.1402099209265276
20,0.19758152118908986,0.2690948513588408,0.20978619711319546,0.16528217158453934,0.12030271125875573
21,0.16098926891554016,0.23012296553719513,0.17122556161027488,0.13485787269965435,0.10563617219141552
22,0.15218949220044561,0.20682740621268672,0.1638394500862601,0.12264904629359809,0.10771615794993769
23,0.14103822108496597,0.17805940925434235,0.14840313034855745,0.10963958191969236,0.09757871156154911
24,0.1220766203429043,0.1537111326586423,0.13045966140462106,0.09013518715399599,0.09047355911768823
25,0.10411962040819808,0.1339065206996176,0.10731775489277298,0.08136885513112237,0.0817124895907507
26,0.08894772159054735,0.1192111353627559,0.09977040938624329,0.07483436561659004,0.07755323172387074
27,0.09095683376626544,0.10862490755034027,0.0952537564694932,0.07198481813447878,0.07562648109250894
28,0.08308309014803013,0.09451694524877491,0.08848158042165957,0.07201733853770886,0.07066312681854763
29,0.07244679022645624,0.07916761073827519,0.07738206567907766,0.06007412345114834,0.06370361892968408
30,0.06766519572826785,0.07071336803305392,0.07147513026108533,0.058407269781392275,0.06051371101353798
31,0.058555247025135745,0.05952292783026709,0.0646288693706402,0.04980346644234154,0.058153020143184485
32,0.05688192354215623,0.0561983012458786,0.06239178168978004,0.049998449670399965,0.057163888222185814
33,0.05290928479349116,0.04750090674323599,0.05892801482844769,0.04722113953682427,0.05614536704845331
34,0.046165530878037236,0.04135649182117541,0.05180102646085867,0.042903744155808686,0.05212605556040428
35,0.04520478160193894,0.03828139132496975,0.0498376640229366,0.042999024131265516,0.05001175621067156
36,0.040697936397450854,0.033477486529671724,0.04689145689212772,0.038938078629065245,0.04524801169895977
37,0.03828893887962637,0.0317245221602877,0.044749598030225206,0.038481870508077484,0.044375502533165856
38,0.035370484984559594,0.026490624280598812,0.040678957915767755,0.032998264626128655,0.040413150497441264
39,0.032008535824313594,0.024779754459826223,0.04052403082584198,0.03196861872276049,0.04042375521236554
40,0.03218266029046507,0.023767541429395873,0.03840407003330238,0.030538277821654625,0.04101106042390759
41,0.02925486773785416,0.020883573258676152,0.0368183170660269,0.028931952135932942,0.039013550545668754
42,0.028229809483306802,0.020191538352536374,0.035972986714133584,0.029693253449135232,0.03853662096144568
43,0.02575851548748835,0.01788980368128456,0.03238496212382971,0.027504861232167433,0.03615706774686256
44,0.026195217928176077,0.017721009651927157,0.03317937603432815,0.02704699237009113,0.035926162491433086
45,0.02413026165973101,0.01630758290723511,0.03202480292538779,0.0258406110287038,0.034434987312246215
46,0.02187270396550626,0.014568035882638762,0.03150128721619947,0.022311392866993383,0.03563970097022248
47,0.020147946769400862,0.013504654294154516,0.029592069072062802,0.020963556534028597,0.032315271348280813
48,0.019381422584398292,0.013100418609070526,0.028784794664803243,0.02019457514179081,0.031620456119041095
49,0.018693928050917626,0.01288977108652758,0.028271487618301,0.020328877370264044,0.031639426203659116
50,0.01720671144736376,0.012349160441829666,0.027050753502389828,0.01965350192160496,0.030204416947224654
51,0.016724981745188616,0.011731015261750884,0.027765172857899985,0.017835958377835838,0.030846283960584614
52,0.016401644968272455,0.01098187379568893,0.027607226018602493,0.01694445959763976,0.03085168691211767
53,0.01472116527738287,0.01038391065893568,0.02630197598177064,0.016147990565125028,0.02925837657060828
54,0.014806151340231909,0.010408009370494626,0.026256802095087694,0.015606455416451531,0.030486220250727492
55,0.013507603108308227,0.009966339273001681,0.02480959431145531,0.014616349709481297,0.02842197101811953
56,0.01360070210470963,0.00933782422571465,0.02536121394871205,0.015510939127442978,0.028453726505194496
57,0.013150858807853988,0.009339130277582873,0.025317826389095483,0.014746830280532421,0.028157587292215725
58,0.012432824848548303,0.00934672321220713,0.024403197957618247,0.014209202638318008,0.027764732480962246
59,0.012289643163015255,0.009242442204864025,0.023876943109985057,0.014012605654188118,0.026824030629424192
60,0.011598939989418907,0.008813287458074462,0.023742901728432412,0.013244366019750032,0.02729045144550586
61,0.01084912019261027,0.008986821001765306,0.02362431239195257,0.012967583260787376,0.02747191160224306
62,0.011116585924523777,0.008634213670436937,0.024197933369389444,0.01281317779625456,0.02778743771769878
63,0.010453284371726471,0.008694238226141047,0.023811285157432787,0.012055472206920052,0.027028651397267407
